21.01513001644276, 105.83735754020532	goc-khen-ban-ran-khoai-chuoi								goc-khen-ban-ran-khoai-chuoi,21.01513001644276, 105.83735754020532													
21.00843578601409, 105.8334901267124	banh-cuon-nong-no-u-u-15k-dia								banh-cuon-nong-no-u-u-15k-dia,21.00843578601409, 105.8334901267124													
21.008849532928444, 105.84998841136967	sieu-pham-bun-bo-hue-18-dai-co-viet								sieu-pham-bun-bo-hue-18-dai-co-viet,21.008849532928444, 105.84998841136967													
21.03420625813358, 105.81246012671264	pizza-4ps-phan-ke-binh-xung-dang-voi-do-hot-so-1								pizza-4ps-phan-ke-binh-xung-dang-voi-do-hot-so-1,21.03420625813358, 105.81246012671264													
21.03639991357333, 105.78715404020556	banh-bot-loc-an-la-nghien								banh-bot-loc-an-la-nghien,21.03639991357333, 105.78715404020556													
21.03331202798573, 105.84620318438397	cha-ca-la-vong-den-ha-noi-nhat-dinh-phai-thu								cha-ca-la-vong-den-ha-noi-nhat-dinh-phai-thu,21.03331202798573, 105.84620318438397													
21.007959386014303, 105.83479206904089	trai-nghiem-vi-crepes-man-hop-hon-tai-b12-luong-dinh-cua								trai-nghiem-vi-crepes-man-hop-hon-tai-b12-luong-dinh-cua,21.007959386014303, 105.83479206904089													
21.017811158712618, 105.78403016386771	nha-hang-seoseo-chuyen-mon-han-tang-5-toa-a-keangnam								nha-hang-seoseo-chuyen-mon-han-tang-5-toa-a-keangnam,21.017811158712618, 105.78403016386771													
21.01103791699444, 105.83815522671235	banh-chuoi-ngon-nhat-ha-noi								banh-chuoi-ngon-nhat-ha-noi,21.01103791699444, 105.83815522671235													
20.99547655216516, 105.85541136904082	ga-beo-mup-161-minh-khai								ga-beo-mup-161-minh-khai,20.99547655216516, 105.85541136904082													
20.99343031936754, 105.85531192671219	ngo-goc-de-minh-khai-dia-chi-moi-cho-nhung-tin-do-me-sua-do								ngo-goc-de-minh-khai-dia-chi-moi-cho-nhung-tin-do-me-sua-do,20.99343031936754, 105.85531192671219													
21.01054598601294, 105.82251219787668	chuoi-co-so-vit-29-chuyen-vit-sieu-to								chuoi-co-so-vit-29-chuyen-vit-sieu-to,21.01054598601294, 105.82251219787668													
21.008918148549462, 105.80138078438367	han-thi-vao-k-food								han-thi-vao-k-food,21.008918148549462, 105.80138078438367													
20.971397586034207, 105.77443662671196	banh-gio-nong-thu-lua-chon-tuyet-voi-cho-cac-am-thuc-gia-khu-vuc-ha-dong								banh-gio-nong-thu-lua-chon-tuyet-voi-cho-cac-am-thuc-gia-khu-vuc-ha-dong,20.971397586034207, 105.77443662671196													
21.009466617206407, 105.80082065554804	queens-crab-cua-gach-hay-cua-thit-mien-la-cua-deu-ngon								queens-crab-cua-gach-hay-cua-thit-mien-la-cua-deu-ngon,21.009466617206407, 105.80082065554804													
20.992977219428575, 105.80759629787654	do-nuong-trung-quoc-275-nguyen-trai-toa-nha-hoang-huy								do-nuong-trung-quoc-275-nguyen-trai-toa-nha-hoang-huy,20.992977219428575, 105.80759629787654													
21.03755107228953, 105.84820346904127	ngan-chay-toi-thi-dinh-cao-51-hang-luoc								ngan-chay-toi-thi-dinh-cao-51-hang-luoc,21.03755107228953, 105.84820346904127													
21.01237617061192, 105.78260051136961	quan-long-bo-han-xeng-sieu-ngon-cho-cac-tin-do-nghien-bo								quan-long-bo-han-xeng-sieu-ngon-cho-cac-tin-do-nghien-bo,21.01237617061192, 105.78260051136961													
20.999829018505515, 105.8504397267123	mot-vai-dia-chi-an-dem-bach-mai-cho-cac-cu-dem								mot-vai-dia-chi-an-dem-bach-mai-cho-cac-cu-dem,20.999829018505515, 105.8504397267123													
20.994009535924192, 105.84951559787653	nuong-nha-mam-74-truong-dinh-khong-an-chi-co-tiec								nuong-nha-mam-74-truong-dinh-khong-an-chi-co-tiec,20.994009535924192, 105.84951559787653													
21.00970320159359, 105.83141124020523	goc-song-ao-khu-dang-van-ngu-3-quan-cafe-ke-nhau								goc-song-ao-khu-dang-van-ngu-3-quan-cafe-ke-nhau,21.00970320159359, 105.83141124020523													
21.007535748921597, 105.82211564020535	gardenista-coffe-so-6-ngo-298-tay-son								gardenista-coffe-so-6-ngo-298-tay-son,21.007535748921597, 105.82211564020535													
21.03243790005421, 105.8082199690412	review-mot-so-hang-quan-khu-vuc-dao-tan-cau-giay								review-mot-so-hang-quan-khu-vuc-dao-tan-cau-giay,21.03243790005421, 105.8082199690412													
21.048084238001614, 105.84178216904138	lau-ech-phong-o-72-74-pho-duc-chinh-q-ba-dinh-ha-noi								lau-ech-phong-o-72-74-pho-duc-chinh-q-ba-dinh-ha-noi,21.048084238001614, 105.84178216904138													
21.023214083314844, 105.80912666719139	chu-de-cua-ngay-hom-nay-an-buffet-hai-san-o-dau-tai-ha-noi								chu-de-cua-ngay-hom-nay-an-buffet-hai-san-o-dau-tai-ha-noi,21.023214083314844, 105.80912666719139													
21.013999390165566, 105.80380697483635	review-ve-banh-tart-trung-kfc-tous-les-jours-lotte								review-ve-banh-tart-trung-kfc-tous-les-jours-lotte,21.013999390165566, 105.80380697483635													
21.035614013679385, 105.84634526904128	nuoc-mia-tran-chau-37e-hang-vai								nuoc-mia-tran-chau-37e-hang-vai,21.035614013679385, 105.84634526904128													
21.020144015766554, 105.82650132671245	cung-nghe-loi-khuyen-cua-yoga-trainer-ve-do-cua-soya-garden-nhe								cung-nghe-loi-khuyen-cua-yoga-trainer-ve-do-cua-soya-garden-nhe,21.020144015766554, 105.82650132671245													
21.020330900874235, 105.80089728438384	an-no-ne-cua-ngon-tai-khai-cua-26-nguyen-khang								an-no-ne-cua-ngon-tai-khai-cua-26-nguyen-khang,21.020330900874235, 105.80089728438384													
21.022067059763025, 105.82649044020539	do-nuong-trung-quoc-hao-nam								do-nuong-trung-quoc-hao-nam,21.022067059763025, 105.82649044020539													
21.036209113599057, 105.80265091136991	boc-phot-lau-nuong-gat-gu-29-nguyen-khanh-toan								boc-phot-lau-nuong-gat-gu-29-nguyen-khanh-toan,21.036209113599057, 105.80265091136991													
21.018240921095266, 105.8499263690411	gumiho-grill-shabu-buffet-nuong-ngon-re-chat-luong								gumiho-grill-shabu-buffet-nuong-ngon-re-chat-luong,21.018240921095266, 105.8499263690411													
21.03148450011877, 105.78994276904109	vit-rut-xuong-minh-thu-sieu-ngon-so-337-duong-truong-cong-giai								vit-rut-xuong-minh-thu-sieu-ngon-so-337-duong-truong-cong-giai,21.03148450011877, 105.78994276904109													
21.035735110507083, 105.76136964205533	goi-y-dia-diemdong-ho-moi-buffet-nabeyaki-ham-nghi								goi-y-dia-diemdong-ho-moi-buffet-nabeyaki-ham-nghi,21.035735110507083, 105.76136964205533													
21.014350086010865, 105.85078806904107	vit-quay-to-thi-60-mai-hac-de								vit-quay-to-thi-60-mai-hac-de,21.014350086010865, 105.85078806904107													
21.0054321258572, 105.82389002050745	mipec-tay-son-thien-duong-do-han-do-ngot-ma-cac-tin-do-khong-nen-bo-qua								mipec-tay-son-thien-duong-do-han-do-ngot-ma-cac-tin-do-khong-nen-bo-qua,21.0054321258572, 105.82389002050745													
21.01922504577554, 105.82779284020535	buffet-nuong-yukassam-66-o-cho%cc%a3-dua								buffet-nuong-yukassam-66-o-cho%cc%a3-dua,21.01922504577554, 105.82779284020535													
20.99972238601883, 105.82835215554793	poseidon-su-lua-chon-hoan-hao-cua-tin-do-me-hai-san								poseidon-su-lua-chon-hoan-hao-cua-tin-do-me-hai-san,20.99972238601883, 105.82835215554793													
21.016096746617706, 105.79472601321947	nuong-ven-ao-ngo-100-trung-kinh-8-10-diem								nuong-ven-ao-ngo-100-trung-kinh-8-10-diem,21.016096746617706, 105.79472601321947													
20.95373762470991, 107.08640674020475	khuc-bach-sumo-co-ngon-nhu-loi-don								khuc-bach-sumo-co-ngon-nhu-loi-don,20.95373762470991, 107.08640674020475													
21.036882999753043, 105.851476397877	long-ran-ngon-nhat-28-nguyen-sieu								long-ran-ngon-nhat-28-nguyen-sieu,21.036882999753043, 105.851476397877													
21.01962781583616, 105.80010036904117	buffe-thit-nuong-200k								buffe-thit-nuong-200k,21.01962781583616, 105.80010036904117													#VALUE!
20.998627334992236, 105.84752214020524	danh-xung-bun-cha-obama-co-xung-dang								danh-xung-bun-cha-obama-co-xung-dang,20.998627334992236, 105.84752214020524													
20.977490803772124, 105.78759614020505	dinh-nuong-36-nguyen-khuyen-ha-dong-dang-that-vong								dinh-nuong-36-nguyen-khuyen-ha-dong-dang-that-vong,20.977490803772124, 105.78759614020505													#VALUE!
21.034955027653588, 105.85397474020566	banh-mi-duc-long-so-4-luong-ngoc-quyen-dep-nhieu-ma-chua-chac-ngon								banh-mi-duc-long-so-4-luong-ngoc-quyen-dep-nhieu-ma-chua-chac-ngon,21.034955027653588, 105.85397474020566													
21.015499031585367, 105.85152226904101	that-vong-chat-luong-banh-kem-mesa-bakery-pho-hue								that-vong-chat-luong-banh-kem-mesa-bakery-pho-hue,21.015499031585367, 105.85152226904101													#VALUE!
21.04056554002794, 105.84982444020561	tong-hop-nhung-dia-diem-an-banh-xeo-tai-ha-noi-part-2								tong-hop-nhung-dia-diem-an-banh-xeo-tai-ha-noi-part-2,21.04056554002794, 105.84982444020561													
21.00881408601384, 105.80231245554802	bay-buffet-167-hoang-ngan-trai-nghiem-kinh-hoang-voi-fan-cuong-hai-san								bay-buffet-167-hoang-ngan-trai-nghiem-kinh-hoang-voi-fan-cuong-hai-san,21.00881408601384, 105.80231245554802													#VALUE!
20.975622593240658, 105.77580952486237	artemis-20-ngo-quyen-co-phai-lua-chon-sang-suot-cho-fan-banh-ngot								artemis-20-ngo-quyen-co-phai-lua-chon-sang-suot-cho-fan-banh-ngot,20.975622593240658, 105.77580952486237													
21.024329586005504, 105.8458424402055	vi-lai-quan-do-an-khong-tho-mong-nhu-khong-gian-tien-canh								vi-lai-quan-do-an-khong-tho-mong-nhu-khong-gian-tien-canh,21.024329586005504, 105.8458424402055													#VALUE!
21.018610015973525, 105.79296316904104	goc-phi-mom-com-tam-cay-dua-104-trung-kinh								goc-phi-mom-com-tam-cay-dua-104-trung-kinh,21.018610015973525, 105.79296316904104													
21.022994600693856, 105.80118694020541	goc-che-bo-ne-ong-hai-181-chua-lang								goc-che-bo-ne-ong-hai-181-chua-lang,21.022994600693856, 105.80118694020541													#VALUE!
0.000000, 0.000000	mien-chua-cay-trung-khanh-co-thuc-su-ngon-nhu-loi-don								mien-chua-cay-trung-khanh-co-thuc-su-ngon-nhu-loi-don,0.000000, 0.000000													
20.97377601804326, 105.78634900951957	chim-quay-sieu-ngon								chim-quay-sieu-ngon,20.97377601804326, 105.78634900951957													#VALUE!
21.030644528524974, 105.81842319787687	kem-xoi-gia-truyen-ha-noi-289-kim-ma-ba-dinh-ha-noi								kem-xoi-gia-truyen-ha-noi-289-kim-ma-ba-dinh-ha-noi,21.030644528524974, 105.81842319787687													
21.030746756842618, 105.84669741136989	cafe-nghia-17-hang-da-hang-bong-hoan-kiem								cafe-nghia-17-hang-da-hang-bong-hoan-kiem,21.030746756842618, 105.84669741136989													
0.000000, 0.000000	choco-pie-vi-tra-xanh-va-vi-chuoi								choco-pie-vi-tra-xanh-va-vi-chuoi,0.000000, 0.000000													
21.018661400987313, 105.79267345554807	banh-tart-trung-ngon-nhu-kfc-ma-gia-bang-1-4								banh-tart-trung-ngon-nhu-kfc-ma-gia-bang-1-4,21.018661400987313, 105.79267345554807													
0.000000, 0.000000	banh-sua-chua-ong-gia								banh-sua-chua-ong-gia,0.000000, 0.000000													
21.053843011217914, 105.80905781137004	banh-ran-man-vong-thi-ngo-242-lac-long-quan-tay-ho								banh-ran-man-vong-thi-ngo-242-lac-long-quan-tay-ho,21.053843011217914, 105.80905781137004													
21.042145999396396, 105.84777345554828	banh-cuon-ba-xuan-16-doc-hoe-nhai								banh-cuon-ba-xuan-16-doc-hoe-nhai,21.042145999396396, 105.84777345554828													
21.0123562168168, 105.81340159787673	bun-cha-vien-ngon-quen-sau								bun-cha-vien-ngon-quen-sau,21.0123562168168, 105.81340159787673													
20.995615002546792, 105.8603375402052	banh-duc-nong-ngon-bo-re-296-minh-khai								banh-duc-nong-ngon-bo-re-296-minh-khai,20.995615002546792, 105.8603375402052													
21.016662980238273, 105.78427565739784	vua-an-steak-than-thanh-vua-ngam-thanh-pho-ve-dem								vua-an-steak-than-thanh-vua-ngam-thanh-pho-ve-dem,21.016662980238273, 105.78427565739784													
21.016719531338904, 105.7957581978767	lau-nuong-ngo-100-trung-kinh-ngon-bo-re								lau-nuong-ngo-100-trung-kinh-ngon-bo-re,21.016719531338904, 105.7957581978767													
21.016719531338918, 105.7957581978767	khen-nuc-no-quan-nuoc-via-he-cuoi-ngo-100-trung-kinh								khen-nuc-no-quan-nuoc-via-he-cuoi-ngo-100-trung-kinh,21.016719531338918, 105.7957581978767													
21.028101943385405, 105.83943054020547	king-bingsu-59-nguyen-khuyen-nong-40-do-thi-phe-te-nguoi								king-bingsu-59-nguyen-khuyen-nong-40-do-thi-phe-te-nguoi,21.028101943385405, 105.83943054020547													
21.010603663618458, 105.83183271136966	canteen-ngo-4c-dang-van-ngu								canteen-ngo-4c-dang-van-ngu,21.010603663618458, 105.83183271136966													
21.040881912968196, 105.82793746904129	banh-cuon-nong-29-thuy-khue								banh-cuon-nong-29-thuy-khue,21.040881912968196, 105.82793746904129													
21.003827033942557, 105.82997554020524	mot-goc-hoai-niem-cu-xa-ca-phe								mot-goc-hoai-niem-cu-xa-ca-phe,21.003827033942557, 105.82997554020524													
21.019304, 105.828570	banh-canh-ghe-69-69-o-cho-dua								banh-canh-ghe-69-69-o-cho-dua,21.019304, 105.828570													
21.034088, 105.770082	fenghuang-21-le-duc-tho-lau-199k								fenghuang-21-le-duc-tho-lau-199k,21.034088, 105.770082													
21.033065, 105.852257	skyline-hanoi-do-uong-khong-gian-10-diem								skyline-hanoi-do-uong-khong-gian-10-diem,21.033065, 105.852257													
21.016817, 105.836155	cacao-trung-cafe-ruspott-ngo-360-xa-dan								cacao-trung-cafe-ruspott-ngo-360-xa-dan,21.016817, 105.836155													
21.018840, 105.811500	thich-hoai-co-va-yen-tinh-thi-den-voi-hien-cafe-nhe								thich-hoai-co-va-yen-tinh-thi-den-voi-hien-cafe-nhe,21.018840, 105.811500													
21.033460, 105.854472	cafe-trung-giang-100-diem-chat-luong								cafe-trung-giang-100-diem-chat-luong,21.033460, 105.854472													
21.006937, 105.792457	banh-ngot-big-c-thang-long-them-dia-diem-moi-de-tu-tap								banh-ngot-big-c-thang-long-them-dia-diem-moi-de-tu-tap,21.006937, 105.792457													
21.023781, 105.816968	vua-nham-nhi-ly-cafe-vua-tan-huong-khong-gian-ha-noi-day-hoai-co								vua-nham-nhi-ly-cafe-vua-tan-huong-khong-gian-ha-noi-day-hoai-co,21.023781, 105.816968													
21.006226, 105.795118	paiks-kitchen-them-mot-dia-chi-moi-cho-nhung-ai-me-do-han								paiks-kitchen-them-mot-dia-chi-moi-cho-nhung-ai-me-do-han,21.006226, 105.795118													
20.965612, 105.773110	don-noel-tai-home-coffee-and-ceramic								don-noel-tai-home-coffee-and-ceramic,20.965612, 105.773110													
21.070660, 105.822461	capella-coffee-roaster-view-thang-ho-tay-bao								capella-coffee-roaster-view-thang-ho-tay-bao,21.070660, 105.822461													
21.031623, 105.836895	jouri-dessert-tea-5-khuc-hao								jouri-dessert-tea-5-khuc-hao,21.031623, 105.836895													
21.031394, 105.837985	villa-des-fleurs-42-tran-phu-hoa-cung-noel-2019								villa-des-fleurs-42-tran-phu-hoa-cung-noel-2019,21.031394, 105.837985													
21.030935, 105.853950	thu-bingsu-moi-vi-kem-cheese-tai-mr-wish-37-hang-dau								thu-bingsu-moi-vi-kem-cheese-tai-mr-wish-37-hang-dau,21.030935, 105.853950													
21.031052, 105.815004	pizza-capricciosa-vietnam-tang-3-vincom-lieu-giai								pizza-capricciosa-vietnam-tang-3-vincom-lieu-giai,21.031052, 105.815004													
21.068325, 105.823026	26-quan-cafe-dep-o-ha-noi-de-den-checkin								26-quan-cafe-dep-o-ha-noi-de-den-checkin,21.068325, 105.823026													
	goc-review-top-3-quan-cafe-ngoi-ngoai-cua								goc-review-top-3-quan-cafe-ngoi-ngoai-cua,													
21.036657, 105.846677	ca-phe-trung-dac-san-hang-ma-beo-min-dinh-cua-dinh								ca-phe-trung-dac-san-hang-ma-beo-min-dinh-cua-dinh,21.036657, 105.846677													
21.016802, 105.783687	nhat-dinh-phai-hen-ho-ca-cung-nham-nhi-tra-chieu-tai-khach-san-intercontinental-landmark72								nhat-dinh-phai-hen-ho-ca-cung-nham-nhi-tra-chieu-tai-khach-san-intercontinental-landmark72,21.016802, 105.783687													
21.032507, 105.808164	lau-thai-99k-bangkok-thai-kitchen-dao-tan								lau-thai-99k-bangkok-thai-kitchen-dao-tan,21.032507, 105.808164													
21.010366, 105.821115	backyard-coffee-so-33a-ngo-41-thai-ha								backyard-coffee-so-33a-ngo-41-thai-ha,21.010366, 105.821115													
21.033603, 105.854525	ha-noi-sang-he-roi-thu-sua-chua-hoa-qua-cafe-tuan-ngay-thoi								ha-noi-sang-he-roi-thu-sua-chua-hoa-qua-cafe-tuan-ngay-thoi,21.033603, 105.854525													
21.048160, 105.842132	nuong-chuan-vi-hongkong-42g-yen-phu-vi-sao-lai-hot								nuong-chuan-vi-hongkong-42g-yen-phu-vi-sao-lai-hot,21.048160, 105.842132													
21.014837, 105.850518	totoro-87-trie%cc%a3u-vie%cc%a3t-vuong-an-vat-kieu-nhat								totoro-87-trie%cc%a3u-vie%cc%a3t-vuong-an-vat-kieu-nhat,21.014837, 105.850518													
21.032970, 105.802045	cafe-vintage-song-cham-lai-giua-long-thu-do								cafe-vintage-song-cham-lai-giua-long-thu-do,21.032970, 105.802045													
21.053784, 105.840534	my-van-than-ngon-bo%cc%89-re%cc%89-150-yen-phu%cc%a3nho%cc%89-tay-ho								my-van-than-ngon-bo%cc%89-re%cc%89-150-yen-phu%cc%a3nho%cc%89-tay-ho,21.053784, 105.840534													
21.030241, 105.844188	cafe-ga-dong-duong-5a-tran-phu-gan-hang-bong								cafe-ga-dong-duong-5a-tran-phu-gan-hang-bong,21.030241, 105.844188													
21.010473, 105.832525	mot-so-quan-cafe-view-dep-cho-nhung-ban-thich-song-ao								mot-so-quan-cafe-view-dep-cho-nhung-ban-thich-song-ao,21.010473, 105.832525													
21.043123, 105.844002	goc-song-ao-cafe-deflore-46a-nguyen-truong-to								goc-song-ao-cafe-deflore-46a-nguyen-truong-to,21.043123, 105.844002													
21.032886, 105.855387	laka-coffee-15a-hang-tre-trai-nghiem-thu-vi								laka-coffee-15a-hang-tre-trai-nghiem-thu-vi,21.032886, 105.855387													
21.025275, 105.855226	t-coffee-14-ngo-quyen-thich-hop-de-chup-nhung-pho-anh-paris-western								t-coffee-14-ngo-quyen-thich-hop-de-chup-nhung-pho-anh-paris-western,21.025275, 105.855226													
20.852204, 106.675097	giai-ma-thanh-cong-chuoi-ca-phe-nhieu-cua-hang-nhat-hai-phong								giai-ma-thanh-cong-chuoi-ca-phe-nhieu-cua-hang-nhat-hai-phong,20.852204, 106.675097													
21.033789, 105.852014	dia-chi-ban-cong-2-dinh-liet								dia-chi-ban-cong-2-dinh-liet,21.033789, 105.852014													
21.010046, 105.851499	muon-uong-cafe-thi-dan-gau-di-dau								muon-uong-cafe-thi-dan-gau-di-dau,21.010046, 105.851499													
21.035608, 105.793920	myzing-coffee-302-cau-giay-tha-ho-check-in-khong-gian-cuc-xinh								myzing-coffee-302-cau-giay-tha-ho-check-in-khong-gian-cuc-xinh,21.035608, 105.793920													
21.003824, 105.835882	banh-goi-ngo-150-luong-dinh-cua-gion-ngon-day-dan								banh-goi-ngo-150-luong-dinh-cua-gion-ngon-day-dan,21.003824, 105.835882													
21.006702, 105.831635	buffet-shogun-pham-ngoc-thach-tinh-hoa-am-thuc								buffet-shogun-pham-ngoc-thach-tinh-hoa-am-thuc,21.006702, 105.831635													
21.037970, 105.792299	tim-den-cafe-sach-dong-tay-tron-ha-noi-on-a								tim-den-cafe-sach-dong-tay-tron-ha-noi-on-a,21.037970, 105.792299													
21.039831, 105.827110	chao-hen-co-phuc-28-hoang-hoa-tham								chao-hen-co-phuc-28-hoang-hoa-tham,21.039831, 105.827110													
21.006654, 105.852176	lap-list-an-uong-ngay-mua-gio								lap-list-an-uong-ngay-mua-gio,21.006654, 105.852176													
21.007641, 105.831592	banh-xeo-nem-lu%cc%a3i-11-ngo%cc%83-82-pha%cc%a3m-ngo%cc%a3c-tha%cc%a3ch								banh-xeo-nem-lu%cc%a3i-11-ngo%cc%83-82-pha%cc%a3m-ngo%cc%a3c-tha%cc%a3ch,21.007641, 105.831592													
21.026136, 105.826072	banh-ran-che-co-chung-109-vu-thanh-dong-da								banh-ran-che-co-chung-109-vu-thanh-dong-da,21.026136, 105.826072													
21.012563, 105.817477	oc-29-co-so-2-36-yen-lang								oc-29-co-so-2-36-yen-lang,21.012563, 105.817477													
20.971682, 105.776940	bo-3-tai-33-quang-trung-nga-3-quang-trung-ngo-van-so								bo-3-tai-33-quang-trung-nga-3-quang-trung-ngo-van-so,20.971682, 105.776940													
21.007576, 105.850186	bun-oc-cham-44-de-to-hoang-bach-mai								bun-oc-cham-44-de-to-hoang-bach-mai,21.007576, 105.850186													
21.015676, 105.856634	nom-bo-kho-co-cuc-71-lo-duc								nom-bo-kho-co-cuc-71-lo-duc,21.015676, 105.856634													
0.000000, 0.000000	review-pho-tron-kool-vi-bo-xot-tuong-den								review-pho-tron-kool-vi-bo-xot-tuong-den,0.000000, 0.000000													
0.000000, 0.000000	pho-bo-chinsu-mua-duoi-vinmart-co-kem-thit-bo-nguyen-mieng								pho-bo-chinsu-mua-duoi-vinmart-co-kem-thit-bo-nguyen-mieng,0.000000, 0.000000													
21.034461, 105.830859	5-ngay-dong-ho-o-hang-xoi-ngo-32-doi-can								5-ngay-dong-ho-o-hang-xoi-ngo-32-doi-can,21.034461, 105.830859													
21.016717, 105.849815	bun-oc-co-ba-lan-26-bui-thi-xuan								bun-oc-co-ba-lan-26-bui-thi-xuan,21.016717, 105.849815													
21.034490, 105.829812	tong-hop-quan-banh-cuon-nong-ngon-nhat-ha-noi								tong-hop-quan-banh-cuon-nong-ngon-nhat-ha-noi,21.034490, 105.829812													
21.016625, 105.852930	long-tran-chao-58l-ngo-thi-nham-hai-ba-trung								long-tran-chao-58l-ngo-thi-nham-hai-ba-trung,21.016625, 105.852930													
0.000000, 0.000000	nghien-che-ba-ca-chi-sau-mot-lan-an-ke								nghien-che-ba-ca-chi-sau-mot-lan-an-ke,0.000000, 0.000000													
0.000000, 0.000000	pho-tron-com-nguoi-tuoi-tho-du-doi								pho-tron-com-nguoi-tuoi-tho-du-doi,0.000000, 0.000000													
21.033362, 105.852125	goc-review-best-co-tam-che-ha-noi								goc-review-best-co-tam-che-ha-noi,21.033362, 105.852125													
20.998749, 105.854448	bun-cha-nuong-107-pho-hong-mai								bun-cha-nuong-107-pho-hong-mai,20.998749, 105.854448													
21.001025, 105.859054	ngon-kinh-di-banh-goi-banh-tom-104c8-quynh-mai								ngon-kinh-di-banh-goi-banh-tom-104c8-quynh-mai,21.001025, 105.859054													
21.003097, 105.851628	pho-vit-quay-ngoc-phat-319-thanh-nhan-bach-mai-ha-noi								pho-vit-quay-ngoc-phat-319-thanh-nhan-bach-mai-ha-noi,21.003097, 105.851628													
21.034134, 105.856197	pho-277-phuc-tan-hoan-kiem-ha-noi								pho-277-phuc-tan-hoan-kiem-ha-noi,21.034134, 105.856197													
21.000651, 105.816009	review-ga-ran-gaxeo-sanh-tang-1-mat-dat-royal-city								review-ga-ran-gaxeo-sanh-tang-1-mat-dat-royal-city,21.000651, 105.816009													
20.998932, 105.853180	oc-mut-duc-diep-doi-dien-ngo-156-hong-mai								oc-mut-duc-diep-doi-dien-ngo-156-hong-mai,20.998932, 105.853180													
21.000434, 105.856507	banh-ga-269-ngo-quynh								banh-ga-269-ngo-quynh,21.000434, 105.856507													
21.012186, 105.825508	bun-oc-nguoi-o-ngo-136-tay-son								bun-oc-nguoi-o-ngo-136-tay-son,21.012186, 105.825508													
21.029748, 105.849192	pho-ga-tron-39b-ly-quoc-su-hoan-kiem-ha-noi								pho-ga-tron-39b-ly-quoc-su-hoan-kiem-ha-noi,21.029748, 105.849192													
21.034183, 105.847985	chao-long-88-thuoc-bac-hang-bo-hoan-kiem								chao-long-88-thuoc-bac-hang-bo-hoan-kiem,21.034183, 105.847985													
21.037742, 105.847941	review-bun-rieu-co-hoan-16-hang-luoc								review-bun-rieu-co-hoan-16-hang-luoc,21.037742, 105.847941													
21.028684, 105.852377	banh-roti-bo-ho-thom-ngon-khong-tuong								banh-roti-bo-ho-thom-ngon-khong-tuong,21.028684, 105.852377													
21.015152, 105.849045	hu-tieu-nam-vang-minh-chau-67-tue-tinh-q-hai-ba-trung-ha-noi								hu-tieu-nam-vang-minh-chau-67-tue-tinh-q-hai-ba-trung-ha-noi,21.015152, 105.849045													
21.008971, 105.832726	bun-vi%cc%a3t-ngan-cha%cc%a3t-co-thu%cc%89y-ngo-4-dang-van-ngu								bun-vi%cc%a3t-ngan-cha%cc%a3t-co-thu%cc%89y-ngo-4-dang-van-ngu,21.008971, 105.832726													
21.037645, 105.783346	nhung-quan-bun-pho-ngon-bo%cc%89-re%cc%89-khu-xuan-thuy-cau-giay								nhung-quan-bun-pho-ngon-bo%cc%89-re%cc%89-khu-xuan-thuy-cau-giay,21.037645, 105.783346													
21.008803, 105.850008	tong-hop-nhung-quan-bun-bo-hue-ngon-nhat-ha-noi								tong-hop-nhung-quan-bun-bo-hue-ngon-nhat-ha-noi,21.008803, 105.850008													
21.030091, 105.819863	bo-tui-mot-vai-dia-diem-an-bun-thai-hai-san-ngon-tai-ha-noi								bo-tui-mot-vai-dia-diem-an-bun-thai-hai-san-ngon-tai-ha-noi,21.030091, 105.819863													
21.025774, 105.852121	bun-dau-nha-ham-29-ngo-29-hang-khay								bun-dau-nha-ham-29-ngo-29-hang-khay,21.025774, 105.852121													
20.999771, 105.850463	bun-bung-383-bach-mai-hai-ba-trungha-noi								bun-bung-383-bach-mai-hai-ba-trungha-noi,20.999771, 105.850463													
21.005829, 105.831977	bun-bo-hue-o-hoa-102-dong-tac								bun-bo-hue-o-hoa-102-dong-tac,21.005829, 105.831977													
21.037410, 105.814279	soc-thit-bun-tron-ngan-vit-ga-cho-cong-vi								soc-thit-bun-tron-ngan-vit-ga-cho-cong-vi,21.037410, 105.814279													
21.027051, 105.825712	bun-ca-cham-goc-da-33-vu-thanh-dong-da								bun-ca-cham-goc-da-33-vu-thanh-dong-da,21.027051, 105.825712													
21.028452, 105.842383	quan-an-vat-so-1-dinh-ngang								quan-an-vat-so-1-dinh-ngang,21.028452, 105.842383													
21.031753, 105.815315	marukame-udontempura-ngon-quen-loi-ve								marukame-udontempura-ngon-quen-loi-ve,21.031753, 105.815315													
20.982087, 105.787589	co-giang-quan								co-giang-quan,20.982087, 105.787589													
21.033643, 105.847072	banh-chuoi-so-1-hang-dieu								banh-chuoi-so-1-hang-dieu,21.033643, 105.847072													
21.047639, 105.790028	xoi-lan-tuoi-tho-cua-8x-9x-ha-thanh								xoi-lan-tuoi-tho-cua-8x-9x-ha-thanh,21.047639, 105.790028													
21.004604, 105.832869	banh-ran-lan-pham-ngoc-thach								banh-ran-lan-pham-ngoc-thach,21.004604, 105.832869													
21.001810, 105.844978	foodtour-khu-bach-kinh-xay								foodtour-khu-bach-kinh-xay,21.001810, 105.844978													
21.046264, 105.842702	com-chay-gieo-duyen-10k-so-8-chau-long								com-chay-gieo-duyen-10k-so-8-chau-long,21.046264, 105.842702													
21.067480, 105.826111	den-hey-pelo-81b-xuan-dieu-trai-nghiem-phong-cach								den-hey-pelo-81b-xuan-dieu-trai-nghiem-phong-cach,21.067480, 105.826111													
21.012646, 105.850418	banh-my-ap-chao-170-trieu-viet-vuong								banh-my-ap-chao-170-trieu-viet-vuong,21.012646, 105.850418													
16.102179, 108.253269	mon-ngon-da-nang-hai-san-nam-danh								mon-ngon-da-nang-hai-san-nam-danh,16.102179, 108.253269													
20.971705, 105.829053	banh-duc-gao-sieu-nong-no-7a-ban-dao-linh-dam								banh-duc-gao-sieu-nong-no-7a-ban-dao-linh-dam,20.971705, 105.829053													
21.028179, 105.839088	banh-trang-nguyen-khuyen-xuat-sac-nhat-dinh-phai-thu								banh-trang-nguyen-khuyen-xuat-sac-nhat-dinh-phai-thu,21.028179, 105.839088													
21.023460, 105.850185	che-den-tao-pho-co-hue-42c-ly-thuong-kiet								che-den-tao-pho-co-hue-42c-ly-thuong-kiet,21.023460, 105.850185													
21.027961, 105.842734	don-chicken-lua-chon-thich-hop-cho-gia-dinh-co-tre-nho								don-chicken-lua-chon-thich-hop-cho-gia-dinh-co-tre-nho,21.027961, 105.842734													
21.017123, 105.833476	pho-hieu-dau-ngach-79-ngo-tho-quan-kham-thien								pho-hieu-dau-ngach-79-ngo-tho-quan-kham-thien,21.017123, 105.833476													
21.006769, 105.851245	ca-troi-dong-be-lai-chi-bang-bat-troi-tau								ca-troi-dong-be-lai-chi-bang-bat-troi-tau,21.006769, 105.851245													
21.020376, 105.847065	bun-dau-ngon-tuyet-63-tran-quoc-toan								bun-dau-ngon-tuyet-63-tran-quoc-toan,21.020376, 105.847065													
21.018612, 105.803914	ngach-am-thuc-102-phao-dai-lang								ngach-am-thuc-102-phao-dai-lang,21.018612, 105.803914													
21.033544, 105.854440	ga-vien-chien-khoai-chien-54-nguyen-huu-huan-hoan-kiem								ga-vien-chien-khoai-chien-54-nguyen-huu-huan-hoan-kiem,21.033544, 105.854440													
21.018386, 105.783938	my-tuong-den-nha-hang-trung-han-cha-kum-sang-%ec%9e%90%ea%b8%88%ec%84%b1								my-tuong-den-nha-hang-trung-han-cha-kum-sang-%ec%9e%90%ea%b8%88%ec%84%b1,21.018386, 105.783938													
21.046537, 105.843616	nha-hang-jinro-soju-mon-han-chuan-vi-han								nha-hang-jinro-soju-mon-han-chuan-vi-han,21.046537, 105.843616													
	goc-chom-lanh-kem-ruou-bap-drew								goc-chom-lanh-kem-ruou-bap-drew,													
21.014136, 105.817298	bun-dau-ngo-151a-thai-ha-di-an-con-duoc-them-qua-que								bun-dau-ngo-151a-thai-ha-di-an-con-duoc-them-qua-que,21.014136, 105.817298													
20.980294, 105.783866	yeol-kwang-so-19-lien-ke-11a-mo-lao-ha-dong								yeol-kwang-so-19-lien-ke-11a-mo-lao-ha-dong,20.980294, 105.783866													
20.996199, 105.845504	quan-ba-thanh-best-lau-ca-keo								quan-ba-thanh-best-lau-ca-keo,20.996199, 105.845504													
21.014198, 105.818059	nghien-dua-dam-va-sua-tran-chau-duong-den-han-quoc-161-thai-ha								nghien-dua-dam-va-sua-tran-chau-duong-den-han-quoc-161-thai-ha,21.014198, 105.818059													
21.013692, 105.776331	do-han-vons-chicken-the-manor-my-dinh								do-han-vons-chicken-the-manor-my-dinh,21.013692, 105.776331													
21.026685, 105.900959	thien-duong-mon-nhat-nhat-dinh-nen-thu								thien-duong-mon-nhat-nhat-dinh-nen-thu,21.026685, 105.900959													
20.999352, 105.859208	quay-dui-ga-1-ngan-1-chiec-sieu-ngon								quay-dui-ga-1-ngan-1-chiec-sieu-ngon,20.999352, 105.859208													
21.004594, 105.804496	nha-hang-hutong-seafood-tang-4-toa-nha-center-point-27-le-van-luong								nha-hang-hutong-seafood-tang-4-toa-nha-center-point-27-le-van-luong,21.004594, 105.804496													
21.039072, 105.790644	quan-mm-38-nguyen-phong-sac-cau-giay								quan-mm-38-nguyen-phong-sac-cau-giay,21.039072, 105.790644													
21.020507, 105.827341	com-ga-hong-kong-178-de-la-thanh-ngon-xuat-sac								com-ga-hong-kong-178-de-la-thanh-ngon-xuat-sac,21.020507, 105.827341													
21.022662, 105.815078	doi-sun-nuong-ba-beo-2a6a-cho-thanh-cong								doi-sun-nuong-ba-beo-2a6a-cho-thanh-cong,21.022662, 105.815078													
21.023852, 105.811120	review-mot-nha-hang-buffet-hai-san								review-mot-nha-hang-buffet-hai-san,21.023852, 105.811120													
21.038924, 105.850059	bun-ziu-dam-vi-truyen-thong								bun-ziu-dam-vi-truyen-thong,21.038924, 105.850059													
21.051195, 105.838154	bun-ca-view-enh-nhat-ha-noi								bun-ca-view-enh-nhat-ha-noi,21.051195, 105.838154													
21.013379, 105.853876	banh-gio-la-chinh-topping-la-phu								banh-gio-la-chinh-topping-la-phu,21.013379, 105.853876													
21.009978, 105.804623	pho-ga-ta-nguyen-thi-dinh								pho-ga-ta-nguyen-thi-dinh,21.009978, 105.804623													
21.017194, 105.833852	nap-nang-luong-ngay-voi-dac-san-ha-noi-pho-hieu-kham-thien								nap-nang-luong-ngay-voi-dac-san-ha-noi-pho-hieu-kham-thien,21.017194, 105.833852													
21.022738, 105.800572	chua-co-cho-nao-moc-ngon-nhu-cho-nay-bun-moc-ngo-162-chua-lang								chua-co-cho-nao-moc-ngon-nhu-cho-nay-bun-moc-ngo-162-chua-lang,21.022738, 105.800572													
21.028099, 105.841940	10-dia-chi-bun-banh-da-het-dich-phai-di-ngay-lap-tuc								10-dia-chi-bun-banh-da-het-dich-phai-di-ngay-lap-tuc,21.028099, 105.841940													
21.019316, 105.853858	bun-doc-mung-co-oanh-18-ham-long								bun-doc-mung-co-oanh-18-ham-long,21.019316, 105.853858													
21.031512, 105.858713	review-bun-quay-kien-xay-phu-quoc-28-bach-dang								review-bun-quay-kien-xay-phu-quoc-28-bach-dang,21.031512, 105.858713													
0.000000, 0.000000	phat-ky-tram-lang-mot-con-duong								phat-ky-tram-lang-mot-con-duong,0.000000, 0.000000													
21.019105, 105.837390	banh-mi-ba-loi-102-kham-thien-dong-da								banh-mi-ba-loi-102-kham-thien-dong-da,21.019105, 105.837390													
21.012841, 105.816537	xoi-co-hue-170-thai-thinh-dong-da-ha-noi								xoi-co-hue-170-thai-thinh-dong-da-ha-noi,21.012841, 105.816537													
21.022555, 105.834990	bun-oc-ngo-chua-linh-quang-cho-van-chuong								bun-oc-ngo-chua-linh-quang-cho-van-chuong,21.022555, 105.834990													
21.014796, 105.796604	quan-thuc-vi-thien-o-vu-pham-ham-chuan-vi-trung-quoc								quan-thuc-vi-thien-o-vu-pham-ham-chuan-vi-trung-quoc,21.014796, 105.796604													
21.035957, 105.813266	banh-mi-dinh-menh-re-va-ngon-nhat-ha-noi								banh-mi-dinh-menh-re-va-ngon-nhat-ha-noi,21.035957, 105.813266													
21.02046913224787, 105.83679503929292	bun-cha%cc%89-ha-noi-ngo%cc%83-van-chuong								bun-cha%cc%89-ha-noi-ngo%cc%83-van-chuong,21.02046913224787, 105.83679503929292													
20.99980774051812, 105.85043377600178	xoi-xeo-pate-trung-420-bach-mai								xoi-xeo-pate-trung-420-bach-mai,20.99980774051812, 105.85043377600178													
21.022174430236976, 105.83176505554825	su%cc%89i-ca%cc%89o-dai-loan-191-ton-duc-thang								su%cc%89i-ca%cc%89o-dai-loan-191-ton-duc-thang,21.022174430236976, 105.83176505554825													
21.03009444284872, 105.84909606904114	bun-ngan-minh-thu-31-ly-quoc-su								bun-ngan-minh-thu-31-ly-quoc-su,21.03009444284872, 105.84909606904114													
21.018880258191324, 105.86298962242786	bun-ngan-sieu-ngon-khong-lo-43-van-kiep								bun-ngan-sieu-ngon-khong-lo-43-van-kiep,21.018880258191324, 105.86298962242786													
21.018468319227274, 105.85028394185912	ngan-nuong-huyen-anh-35-nguyen-du								ngan-nuong-huyen-anh-35-nguyen-du,21.018468319227274, 105.85028394185912													
21.026701114882055, 105.8593386113698	quan-bun-moc-thit-o-805-hong-ha								quan-bun-moc-thit-o-805-hong-ha,21.026701114882055, 105.8593386113698													
21.0676279882897, 105.77905713723747	bun-bo-hue-khong-nhuoc-diem								bun-bo-hue-khong-nhuoc-diem,21.0676279882897, 105.77905713723747													
21.00092228917238, 105.85389637434065	bun-ngan-loan-beo-tuoi-ngon-than-thanh								bun-ngan-loan-beo-tuoi-ngon-than-thanh,21.00092228917238, 105.85389637434065													
21.042299012777022, 105.84517108253425	den-32-hang-bun-an-banh-da-tron-to-u-u-nhe								den-32-hang-bun-an-banh-da-tron-to-u-u-nhe,21.042299012777022, 105.84517108253425													
20.98446808602721, 105.79826772671208	ai-bao-ha-noi-khong-co-banh-cuon-nong-duoi-20k								ai-bao-ha-noi-khong-co-banh-cuon-nong-duoi-20k,20.98446808602721, 105.79826772671208													
21.038747658576487, 105.8286777100338	bun-oc-co-truyen-san-tap-the-ngo-180-pho-ngoc-ha								bun-oc-co-truyen-san-tap-the-ngo-180-pho-ngoc-ha,21.038747658576487, 105.8286777100338													
21.01170593235153, 105.80826594020533	bun-bo-hue-sieu-ngon-147-nguyen-ngoc-vu								bun-bo-hue-sieu-ngon-147-nguyen-ngoc-vu,21.01170593235153, 105.80826594020533													
21.036518878183955, 105.85185672453707	canh-bun-21-nguyen-sieu-hoan-kiem-thanh-mat-nhe-bung								canh-bun-21-nguyen-sieu-hoan-kiem-thanh-mat-nhe-bung,21.036518878183955, 105.85185672453707													
21.000476802217865, 105.85912074205498	van-tuoi-pho-8-3								van-tuoi-pho-8-3,21.000476802217865, 105.85912074205498													
21.00951351719449, 105.86322718936184	xoi-co-sam-dau-ngo-63-luong-yen								xoi-co-sam-dau-ngo-63-luong-yen,21.00951351719449, 105.86322718936184													
21.036339999789927, 105.85014744020563	com-tam-36-17-ngo-gach								com-tam-36-17-ngo-gach,21.036339999789927, 105.85014744020563													
21.019492968237028, 105.82434231971665	ramen-tan-tan-re-ngon-nhu-loi-don								ramen-tan-tan-re-ngon-nhu-loi-don,21.019492968237028, 105.82434231971665													
21.01055403865156, 105.83185229853405	banh-mi-nem-khoai-7a-ngo-4c-dang-van-ngu								banh-mi-nem-khoai-7a-ngo-4c-dang-van-ngu,21.01055403865156, 105.83185229853405													
21.003211033713015, 105.8351213105478	thach-rau-cau-cot-dua-thit-xien-nuong-135-phuong-mai								thach-rau-cau-cot-dua-thit-xien-nuong-135-phuong-mai,21.003211033713015, 105.8351213105478													
20.970175716454648, 105.77376254283449	xoi-thap-cam-be-van-dan-ha-dong								xoi-thap-cam-be-van-dan-ha-dong,20.970175716454648, 105.77376254283449													
21.033041914026473, 105.85257404020543	xoi-che-le-thinh-xoi-che-gan-50-nam-tuoi								xoi-che-le-thinh-xoi-che-gan-50-nam-tuoi,21.033041914026473, 105.85257404020543													
21.01911058825393, 105.82829886389938	banh-da-tron-hien-beo-19-o-cho-dua								banh-da-tron-hien-beo-19-o-cho-dua,21.01911058825393, 105.82829886389938													
21.025000180249762, 105.83715812888502	chao-suon-co-hong-37-luong-su-c-dong-da								chao-suon-co-hong-37-luong-su-c-dong-da,21.025000180249762, 105.83715812888502													
21.009020525417107, 105.83566291407014	quan-banh-xeo-chuan-quy-nhon-binh-dinh-ngay-giua-ha-noi								quan-banh-xeo-chuan-quy-nhon-binh-dinh-ngay-giua-ha-noi,21.009020525417107, 105.83566291407014													
21.014803701248493, 105.81655962671243	tiem-xoi-ba-ngoai-ngon-ban-den-tan-1h-sang								tiem-xoi-ba-ngoai-ngon-ban-den-tan-1h-sang,21.014803701248493, 105.81655962671243													
21.04133762477594, 105.84818456102064	oc-xao-chi-thuc-beo-45-ngo-hong-phuc								oc-xao-chi-thuc-beo-45-ngo-hong-phuc,21.04133762477594, 105.84818456102064													
21.046278535417684, 105.87053973572398	xoi-pho-vit-quay-211-ngoc-lam								xoi-pho-vit-quay-211-ngoc-lam,21.046278535417684, 105.87053973572398													
21.008719432954713, 105.83482042671231	lau-1-nguoi								lau-1-nguoi,21.008719432954713, 105.83482042671231													
21.0108619373072, 105.82327156052249	com-ga-binh-dan-ngo-16-thai-ha-an-sieu-no								com-ga-binh-dan-ngo-16-thai-ha-an-sieu-no,21.0108619373072, 105.82327156052249													
20.999253634865816, 105.87095409787655	che-sau-kem-bo-co-thanh								che-sau-kem-bo-co-thanh,20.999253634865816, 105.87095409787655													
21.01695813681938, 105.83048325228869	buffet-chay-huong-thien-vegetarian-food-restaurant								buffet-chay-huong-thien-vegetarian-food-restaurant,21.01695813681938, 105.83048325228869													
21.01504891645378, 105.85704142671244	lau-hongkong-hai-long-yi-97-lo-duc								lau-hongkong-hai-long-yi-97-lo-duc,21.01504891645378, 105.85704142671244													
21.029159028825173, 105.81212394020545	goc-review-best-co-tam-goc-quan-bia-ruou-nhau-part2								goc-review-best-co-tam-goc-quan-bia-ruou-nhau-part2,21.029159028825173, 105.81212394020545													
20.96978060429305, 105.77319806904049	goc-an-vat-quan-hai-anh-30-be-van-dan-ha-dong								goc-an-vat-quan-hai-anh-30-be-van-dan-ha-dong,20.96978060429305, 105.77319806904049													
21.030535300183164, 105.83733269787696	kem-cheese-ngon-heicha-38-cao-ba-quat								kem-cheese-ngon-heicha-38-cao-ba-quat,21.030535300183164, 105.83733269787696													
20.99537565219237, 105.85603076904087	quan-tu-chan-ga-nuong-hoa-binh-7								quan-tu-chan-ga-nuong-hoa-binh-7,20.99537565219237, 105.85603076904087													
21.04629031223799, 105.87053346904128	pho-vit-quay-xoi-vit-quay-211-ngoc-lam								pho-vit-quay-xoi-vit-quay-211-ngoc-lam,21.04629031223799, 105.87053346904128													
21.049740285991664, 105.83877184020571	tiem-banh-xinh-xan-don-hoang-hon-paris-baguette-28-thanh-nien								tiem-banh-xinh-xan-don-hoang-hon-paris-baguette-28-thanh-nien,21.049740285991664, 105.83877184020571													
12.240236176283853, 109.19149865548549	sinh-to-bet-132a-bach-dang-nha-trang								sinh-to-bet-132a-bach-dang-nha-trang,12.240236176283853, 109.19149865548549													
21.00225004942677, 105.80786514508071	che-co-hai-ngo-86-nhan-hoa								che-co-hai-ngo-86-nhan-hoa,21.00225004942677, 105.80786514508071													
21.01613171630769, 105.81617816904102	goc-man-nguyen-bun-banh-da-ca-366-thai-ha								goc-man-nguyen-bun-banh-da-ca-366-thai-ha,21.01613171630769, 105.81617816904102													
21.02522265486087, 105.82723565813401	tuyen-oc-so-3-ngo-126-hao-nam-ha-noi								tuyen-oc-so-3-ngo-126-hao-nam-ha-noi,21.02522265486087, 105.82723565813401													
21.019621342376606, 105.84260737045656	che-huyen-14-thien-quang-30-nam-chat-luong-van-nhu-ngay-dau-tien								che-huyen-14-thien-quang-30-nam-chat-luong-van-nhu-ngay-dau-tien,21.019621342376606, 105.84260737045656													
20.97116752236503, 105.83373959787635	tao-pho-caramel-doi-dien-174-lang-dai-tu-hoang-mai								tao-pho-caramel-doi-dien-174-lang-dai-tu-hoang-mai,20.97116752236503, 105.83373959787635													
21.023132960446365, 105.80230736671969	nham-nhi-ngo-nuong-via-he-cuc-chim-ung								nham-nhi-ngo-nuong-via-he-cuc-chim-ung,21.023132960446365, 105.80230736671969													
21.006791717566976, 105.85136936904097	la%cc%89u-rieu-ngo%cc%83-105-ba%cc%a3ch-mai								la%cc%89u-rieu-ngo%cc%83-105-ba%cc%a3ch-mai,21.006791717566976, 105.85136936904097													
21.020567130561638, 105.80961886904113	octopus-king-nha-hang-vua-bach-tuoc								octopus-king-nha-hang-vua-bach-tuoc,21.020567130561638, 105.80961886904113													
21.034602855544787, 105.81197584020559	goc-review-best-co-tam-goc-quan-bia-ruou-nhau								goc-review-best-co-tam-goc-quan-bia-ruou-nhau,21.034602855544787, 105.81197584020559													
21.04170339942643, 105.84024546904129	banh-bao-long-truc-dai-loan-25-nguyen-bieu								banh-bao-long-truc-dai-loan-25-nguyen-bieu,21.04170339942643, 105.84024546904129													
21.03248760005079, 105.80811184020558	la%cc%89u-thai-bangkok-thai-kitchen-15c-dao-tan								la%cc%89u-thai-bangkok-thai-kitchen-15c-dao-tan,21.03248760005079, 105.80811184020558													
21.01803173107387, 105.81049289787683	lau-kim-chi-cong-thuc-chuan-han								lau-kim-chi-cong-thuc-chuan-han,21.01803173107387, 105.81049289787683													
21.034948761099063, 105.76673398370203	review-buffet-tteokk-bokki-don-chicken								review-buffet-tteokk-bokki-don-chicken,21.034948761099063, 105.76673398370203													
21.006781701791322, 105.85138009787666	lau-rieu-ngo-105-bach-mai-lau-hap-dan-gia-phai-chang								lau-rieu-ngo-105-bach-mai-lau-hap-dan-gia-phai-chang,21.006781701791322, 105.85138009787666													
21.031976226873144, 105.81229246904121	hotpot-story-lotte-lieu-giai-khach-kho-tinh-nhat-cung-phai-hai-long								hotpot-story-lotte-lieu-giai-khach-kho-tinh-nhat-cung-phai-hai-long,21.031976226873144, 105.81229246904121													
20.99873503497057, 105.80626045554799	lau-nuong-ocha-nguyen-huy-tuong-149k								lau-nuong-ocha-nguyen-huy-tuong-149k,20.99873503497057, 105.80626045554799													
21.01569274672641, 105.84758554020547	lau-hoi-umai-rat-dang-de-thu								lau-hoi-umai-rat-dang-de-thu,21.01569274672641, 105.84758554020547													
21.009935392955104, 105.80492924095938	trai-nghiem-van-hoa-am-thuc-han-quoc-tai-ajithu-hoang-ngan								trai-nghiem-van-hoa-am-thuc-han-quoc-tai-ajithu-hoang-ngan,21.009935392955104, 105.80492924095938													
21.01264876293067, 105.8036888113697	hem-thuong-hai-11-nguyen-thi-dinh-cau-giay-ha-noi								hem-thuong-hai-11-nguyen-thi-dinh-cau-giay-ha-noi,21.01264876293067, 105.8036888113697													
21.041978920255254, 105.84501071429943	hai-san-thuy-vu-38-hang-bun-170-quan-thanh								hai-san-thuy-vu-38-hang-bun-170-quan-thanh,21.041978920255254, 105.84501071429943													
21.033450486000515, 105.81001792671258	xuyt-xoa-nem-chi-hanh-81-linh-lang-ba-dinh								xuyt-xoa-nem-chi-hanh-81-linh-lang-ba-dinh,21.033450486000515, 105.81001792671258													
21.02927602880163, 105.84467726904124	luk-chew-hong-kong-183-phung-hung-hang-bong-hoan-kiem								luk-chew-hong-kong-183-phung-hung-hang-bong-hoan-kiem,21.02927602880163, 105.84467726904124													
21.026366214927265, 105.82161902671255	steak-co-don-botanica-giang-vo-nhanh-gon-nhe-no-du								steak-co-don-botanica-giang-vo-nhanh-gon-nhe-no-du,21.026366214927265, 105.82161902671255													
20.973826107984266, 105.78639192486229	nghien-ngap-chim-quay-van-quan-ha-dong								nghien-ngap-chim-quay-van-quan-ha-dong,20.973826107984266, 105.78639192486229													
21.031805328290318, 105.78987309787692	nha-hang-yeol-kwang-quan-han-ruot								nha-hang-yeol-kwang-quan-han-ruot,21.031805328290318, 105.78987309787692													
21.036066399808426, 105.80336432671265	bun-ngan-co-trach-so-22-ngo-48-nguyen-khanh-toan								bun-ngan-co-trach-so-22-ngo-48-nguyen-khanh-toan,21.036066399808426, 105.80336432671265													
21.023644844585604, 105.79649862671249	chao-long-dau-ngo-54-pho-hoa-bang-cau-giay								chao-long-dau-ngo-54-pho-hoa-bang-cau-giay,21.023644844585604, 105.79649862671249													
21.016001686009925, 105.80874469787666	shaxian-snacks-bo-tui-them-mot-quan-an-trung-sieu-ngon								shaxian-snacks-bo-tui-them-mot-quan-an-trung-sieu-ngon,21.016001686009925, 105.80874469787666													
21.008969817273396, 105.85418839787664	hoi-quan-460-tran-khat-chan								hoi-quan-460-tran-khat-chan,21.008969817273396, 105.85418839787664													
21.009821054870848, 105.81915130951994	goc-buc-xuc-fresh-garden-o-thai-thinh								goc-buc-xuc-fresh-garden-o-thai-thinh,21.009821054870848, 105.81915130951994													
21.038968013226658, 105.84995154020557	bun-rieu-sun-ba-diec-am-bung-ngay-dong								bun-rieu-sun-ba-diec-am-bung-ngay-dong,21.038968013226658, 105.84995154020557													
21.0384264832821, 105.8473675636068	banh-su-so-2-hang-luoc-dinh-cua-dinh								banh-su-so-2-hang-luoc-dinh-cua-dinh,21.0384264832821, 105.8473675636068													
20.852158621770588, 106.68537934395023	foodtour-hai-phong-2-ngay-an-that-nhieu-mon-ngon								foodtour-hai-phong-2-ngay-an-that-nhieu-mon-ngon,20.852158621770588, 106.68537934395023													
21.028631114621692, 105.84860036904124	pasteur-street-brewing-co-1-au-trieu-hang-trong-hoan-kiem								pasteur-street-brewing-co-1-au-trieu-hang-trong-hoan-kiem,21.028631114621692, 105.84860036904124													
20.849571638684214, 106.68900039787515	foodtourhaiphong-hai-phong-1-ngay-voi-chi-phi-chua-den-500k-nguoi								foodtourhaiphong-hai-phong-1-ngay-voi-chi-phi-chua-den-500k-nguoi,20.849571638684214, 106.68900039787515													
20.832561050668474, 106.69808636903929	review-hai-phong-foodtour-2-ngay-1-dem								review-hai-phong-foodtour-2-ngay-1-dem,20.832561050668474, 106.69808636903929													
21.035587213682952, 105.79395019787698	san-pham-moi-sua-chua-say-dong-hop-vi-hoa-qua-yov								san-pham-moi-sua-chua-say-dong-hop-vi-hoa-qua-yov,21.035587213682952, 105.79395019787698													
21.030816605830577, 105.84595471772842	thon-thuc-caffe-trung-ngo-tram								thon-thuc-caffe-trung-ngo-tram,21.030816605830577, 105.84595471772842													
21.031958714172546, 105.82479256904121	nom-bo-kho-thien-duong-am-thuc-192-kim-ma								nom-bo-kho-thien-duong-am-thuc-192-kim-ma,21.031958714172546, 105.82479256904121													
21.016792246430523, 105.85092329787678	thit-xien-nuong-tran-nhan-tong-cho-ai-ghet-thit-mo								thit-xien-nuong-tran-nhan-tong-cho-ai-ghet-thit-mo,21.016792246430523, 105.85092329787678													
21.02653955192876, 105.8419791613609	vit-53-nam-ngu								vit-53-nam-ngu,21.02653955192876, 105.8419791613609													
21.030210528612734, 105.81955459787687	my-van-than-ngon-khu-a6-tran-huy-lieu								my-van-than-ngon-khu-a6-tran-huy-lieu,21.030210528612734, 105.81955459787687													
21.003038318072864, 105.82023528253396	bun-met-co-thoa-380a-nguyen-trai								bun-met-co-thoa-380a-nguyen-trai,21.003038318072864, 105.82023528253396													
21.0012632183122, 105.85057662671235	bo-nuong-la-lot-bo-nuong-mo-chai-330-bach-mai								bo-nuong-la-lot-bo-nuong-mo-chai-330-bach-mai,21.0012632183122, 105.85057662671235													
20.97131502733701, 105.82758344092933	bun-dau-mam-tom-lo3-bt1-bac-linh-dam-nguyen-hu-tho								bun-dau-mam-tom-lo3-bt1-bac-linh-dam-nguyen-hu-tho,20.97131502733701, 105.82758344092933													
21.00019544593159, 105.85198407724752	pho-ngon-357-bach-mai-hai-ba-trung								pho-ngon-357-bach-mai-hai-ba-trung,21.00019544593159, 105.85198407724752													
21.008519932994993, 105.82298591136963	mien-tron-ngo-252-tay-son-dong-da								mien-tron-ngo-252-tay-son-dong-da,21.008519932994993, 105.82298591136963													
21.037015027237064, 105.85044099787697	mi-tim-cat-71-73-hang-chieu-hoan-kiem								mi-tim-cat-71-73-hang-chieu-hoan-kiem,21.037015027237064, 105.85044099787697													
21.01258853217329, 105.81886509787667	goi-y-quan-an-gia-dinh-mamas-pizza-ngo-131-thai-ha								goi-y-quan-an-gia-dinh-mamas-pizza-ngo-131-thai-ha,21.01258853217329, 105.81886509787667													
21.009850217154707, 105.8231241267124	dua-dam-o-ngo-161-thai-ha-day-hot-qua								dua-dam-o-ngo-161-thai-ha-day-hot-qua,21.009850217154707, 105.8231241267124													
21.03227001413069, 105.85434962671266	tropical-beertail-craic-cafe-so-92c-nguyen-huu-huan-ha-noi								tropical-beertail-craic-cafe-so-92c-nguyen-huu-huan-ha-noi,21.03227001413069, 105.85434962671266													
21.035037627636736, 105.85318136904122	chao-dau-ca-phao-51-dao-duy-tu								chao-dau-ca-phao-51-dao-duy-tu,21.035037627636736, 105.85318136904122													
21.01275896289362, 105.86099559602694	doi-sun-cho-nguyen-cao-sach-se-kha-vua-mieng								doi-sun-cho-nguyen-cao-sach-se-kha-vua-mieng,21.01275896289362, 105.86099559602694													
21.049828011760262, 105.87940416904144	banh-my-chao-noi-phia-ben-kia-cau-chuong-duong								banh-my-chao-noi-phia-ben-kia-cau-chuong-duong,21.049828011760262, 105.87940416904144													
21.00384894991337, 105.81528585554794	meiwei-royal-city-dimsum								meiwei-royal-city-dimsum,21.00384894991337, 105.81528585554794													
21.031445114242043, 105.83803099787691	goc-tra-chieu-song-a%cc%89o-42-tran-phu-ba-dinh								goc-tra-chieu-song-a%cc%89o-42-tran-phu-ba-dinh,21.031445114242043, 105.83803099787691													
21.032974784134137, 105.85541766904126	review-quan-tra-chi-hue-hien-cuc-vang								review-quan-tra-chi-hue-hien-cuc-vang,21.032974784134137, 105.85541766904126													
20.98780472012521, 105.79927938253377	quan-tra-thanh-thoi-so-38-ngo-495-nguyen-trai								quan-tra-thanh-thoi-so-38-ngo-495-nguyen-trai,20.98780472012521, 105.79927938253377													
20.977403774772892, 105.79226255369804	ans-garden-ho-van-quan-ha-dong								ans-garden-ho-van-quan-ha-dong,20.977403774772892, 105.79226255369804													
21.016956086568822, 105.83048193215575	buffet-chay-huong-thien-261-xa-dan								buffet-chay-huong-thien-261-xa-dan,21.016956086568822, 105.83048193215575													
